t,y_t1,y_t2,y_t3
1,3.945400676,11.0421089,36.34827378
2,13.30465475,10.59189251,45.6788267
3,17.16193582,11.00624916,65.94456751
4,20.57157799,13.83654829,70.9714678
5,21.21564355,18.30293894,13.49465732
6,19.25267243,21.3047718,93.76914801
7,24.97828512,27.43589876,67.68492442
8,33.97369208,32.36399229,83.3421122
9,29.53418296,35.82042681,4.099454025
10,35.76119774,31.7840457,9.072999257
11,40.79777396,35.52435222,28.40905747
12,37.18038311,37.48633218,80.4845837
13,40.86030653,46.03740514,94.35347362
14,47.40118892,44.30514501,3.068091964
15,47.26874635,47.55508057,24.83455969
16,56.64544679,56.32080391,85.69099323
17,51.1770613,52.112257,47.30897656
18,59.08635666,62.09811715,67.44467495
19,66.59175854,66.70193239,53.23550482
20,69.97039581,60.62135569,40.5862707
21,65.31494151,71.96625267,52.29599917
22,70.39061254,72.44913573,82.67128764
23,72.48445107,77.59678504,2.346261539
24,72.86073355,74.02484128,71.90562145
25,80.90960765,81.92866076,30.27897955
26,83.58067661,84.43995382,56.60358111
27,84.9312141,85.10779238,26.4950301
28,84.80933253,87.1300573,53.14008132
29,94.51513067,93.86155744,86.39782548
30,94.05288048,95.70355078,0.028870906
31,100.0619344,100.6798889,72.9694225
32,104.5593357,104.0629897,77.04027686
33,107.9349627,108.3321888,89.27954771
34,105.5879419,111.3015639,28.29702401
35,105.2377903,113.1800919,24.51843649
36,117.4341867,116.5257422,15.39704645
37,120.5548111,119.3925532,43.8886377
38,117.5541744,114.1249756,57.41678307
39,125.5222909,120.2087986,72.25888801
40,126.0288858,126.314382,24.20196978
41,130.4526899,124.4666791,20.33500936
42,126.0293632,128.9572183,43.42060111
43,134.8019386,135.429549,82.81359762
44,141.7940413,134.884564,76.2488085
45,136.1157714,141.2649737,96.06546284
46,144.8635978,140.9345392,28.18832256
47,148.5811834,143.4228072,89.93372129
48,147.0420807,149.6172718,98.82934867
49,148.3483416,151.2807191,87.45898395
50,158.9030008,155.266594,99.07697821
51,154.3555675,161.2120123,21.15381636
52,157.172173,161.3418074,69.29088538
53,166.3394576,163.6437805,37.61317375
54,169.843237,169.7961985,44.06653173
55,166.1062074,169.4329702,25.00026299
56,171.540966,176.2802005,13.89519415
57,179.1832396,178.7225868,99.86456138
58,181.8266599,175.5494558,50.64571123
59,179.9940545,184.1958794,7.124113473
60,188.6640323,182.1939457,51.29528298
61,189.6026065,190.6792739,78.21944024
62,188.1009845,192.5665172,90.42453653
63,191.6676851,190.6862836,67.73133698
64,192.7069021,192.6484068,7.069953782
65,199.6540255,198.2415695,97.66239807
66,198.4200813,205.8233568,14.48625458
67,206.5988629,206.3033581,92.48849748
68,212.9666351,206.9118551,58.07313297
69,211.4068132,216.6056941,84.07881264
70,216.8996652,211.0007593,70.76766827
71,215.7878974,213.9089864,71.48157151
72,220.4427016,216.0381147,18.80000095
73,221.9093354,223.4918776,64.88946145
74,226.8255332,228.2511927,31.60506885
75,230.2923881,232.1707408,87.76242667
76,229.3084008,236.6662585,41.74707356
77,232.1204076,235.383723,49.56869951
78,241.001421,238.8073954,53.67697588
79,237.3268528,239.5480693,59.00060014
80,241.3090796,248.141527,55.48859439
81,249.860257,251.948084,70.9416492
82,251.3566874,254.379701,26.10166811
83,251.487906,250.4915993,50.80995134
84,259.3209173,254.5971875,59.81185717
85,255.5462517,264.6070883,11.69999649
86,266.3527522,263.781168,1.231987005
87,266.8762942,263.7013774,19.08091073
88,265.2998434,265.4919019,14.85186457
89,276.8790103,271.5563003,14.76459931
90,274.5135778,278.7900602,10.5312184
91,280.3677151,278.7018701,96.38836404
92,276.9612177,279.8385208,55.91325088
93,288.8982988,279.5816812,44.85147592
94,288.6128926,284.5647615,42.9089853
95,288.3698659,286.57631,26.74659393
96,293.5594312,293.8052938,73.93735672
97,296.3594458,300.7618336,85.89721824
98,295.9347639,295.0660432,83.1257348
99,297.2622597,299.3188084,82.46337368
100,0,0,34.93002961
101,0,0,3.644287711
102,0,0,50.7310498
103,0,0,92.46439959
104,0,0,57.66378485
105,0,0,1.397042763
106,0,0,71.03602667
107,0,0,55.79893975
108,0,0,18.46419133
109,0,0,73.16848559
110,0,0,25.30198262
111,0,0,4.627653313
112,0,0,37.25267317
113,0,0,1.927003733
114,0,0,15.9513151
115,350.0600519,350.6603101,24.75850741
116,355.2151835,356.9873588,33.02056245
117,358.3944599,351.1336126,87.62933612
118,362.7188127,363.055902,97.12840816
119,360.8094024,363.741749,93.35112551
120,360.8801221,368.239896,33.24983427
121,370.2429568,365.4860201,36.74473344
122,368.6202024,370.9868224,60.16512647
123,375.6229341,373.6833787,3.552643719
124,373.4343823,380.5679737,68.79214503
125,377.5990802,378.5437206,69.39729495
126,387.0100966,386.4769343,45.31091661
127,383.6367628,384.6659513,37.78040989
128,385.3511378,390.6753049,85.30143097
129,390.57169,388.5529025,85.13908247
130,392.3356552,393.4782915,67.86869289
131,396.004335,396.2516432,32.39113192
132,401.2811556,397.2709877,13.81820076
133,408.0704839,407.097815,25.78793685
134,407.1291928,404.9060441,84.41576115
135,412.1445997,413.4803897,63.27743413
136,410.7655243,415.3900849,16.74764802
137,417.6768213,415.0873528,9.708396401
138,416.8677894,419.30187,31.10524029
139,422.54883,423.9115302,85.0814301
140,429.7112629,428.3473414,19.30888705
141,432.1766566,431.7207865,65.96133958
142,430.2837243,432.233779,25.79712785
143,432.1335282,434.8141779,26.25319397
144,441.6965308,432.7996207,18.4814013
145,442.2596212,444.0925494,26.66315336
146,439.5967433,440.8838691,39.96298787
147,447.7387919,441.7239368,26.0136529
148,453.7913697,447.3972775,77.34094095
149,454.5001158,447.0597973,29.77776633
150,453.9607728,454.9291789,59.33662301
151,462.0022137,456.3229723,96.58343549
152,459.152123,463.1289002,41.41500184
153,463.913086,460.0577745,62.86541446
154,471.4266406,471.9739597,23.24407327
155,469.726377,469.0960529,34.76023612
156,475.2770323,473.5635601,50.41710091
157,472.5162593,474.4338023,53.05781124
158,475.6561381,482.9644632,99.51769123
159,483.6815479,484.7335382,60.56934337
160,489.001537,485.2796559,35.40697266
161,485.9531535,484.4013464,88.79348253
162,495.269437,489.4623919,28.58919406
163,496.3963157,489.3458576,63.14110537
164,498.0724989,501.8390669,48.44295507
165,501.6768762,500.4886697,42.52240441
166,501.9002077,505.3279072,4.179933693
167,503.0670105,509.1447941,90.1971955
168,513.5097745,512.4506345,7.311255895
169,507.4413857,510.8948893,87.72791478
170,510.4029941,518.3441424,75.27793296
171,520.1210542,520.2492605,58.31971272
172,517.8609661,525.010563,3.990726123
173,519.9337811,521.2147305,85.36008182
174,524.5843501,522.8662053,38.7986291
175,530.4990194,533.4378555,11.80740841
176,537.6610451,537.0684287,1.554909692
177,540.6125975,531.6199632,36.72765504
178,536.5673128,534.2292119,84.24597563
179,541.5050487,542.2724543,29.65447075
180,548.2838139,549.1284287,82.86551158
181,545.1785867,549.0967514,85.26871185
182,546.1080382,552.9243992,97.19167784
183,553.7048738,557.0679867,5.794556338
184,553.1204286,561.6831615,5.50499545
185,555.0441749,561.590759,99.78055088
186,563.4545489,563.4600433,92.52801072
187,563.7298959,570.2895379,59.55410361
188,570.6031001,565.1878734,49.46796006
189,571.6880628,576.1075042,83.33248368
190,576.5230074,576.0489879,14.68411187
191,581.8782747,577.0632655,24.1853949
192,585.2911938,577.4918293,69.96728252
193,588.5958512,582.2214284,42.67808901
194,587.9916806,591.0175964,21.82160805
195,591.2461904,594.9776445,90.03961817
196,590.7946078,593.1143787,34.99360492
197,595.3761578,596.3514506,61.02711927
198,598.3706521,598.7921172,2.303388693
199,597.1710189,603.2714292,50.39350494
200,602.3666982,606.2823489,33.18806179
201,605.3469261,612.8474213,9.440091278
202,606.1818572,610.4228003,22.76336693
203,612.4544949,612.1068102,71.69027856
204,619.8632817,616.2216008,51.90719275
205,621.7830921,623.3225355,87.5013449
206,625.3591142,618.5523682,58.94926584
207,0,0,0.650803423
208,2.415692665,7.279002413,82.91009865
209,5.863329193,10.22053849,63.72754883
210,11.45095263,10.91654886,50.88112166
211,9.202519333,16.48286316,18.76273348
212,20.19630614,19.67465935,79.87320847
213,24.59435462,16.26842402,15.11183015
214,20.39782401,23.89285562,97.26397561
215,22.35144477,25.06300981,53.02777524
216,30.6604958,24.03657364,75.16341946
217,30.24030609,32.89483349,19.46186473
218,38.83492915,33.31351666,56.96464291
219,39.68580204,40.97060931,46.62514414
220,39.76202361,36.35463316,72.32995315
221,42.61881662,43.23749708,73.84127263
222,43.79868813,48.1386998,65.75260778
223,52.57826473,47.10207382,6.699956019
224,57.03227871,52.10531261,77.07321166
225,53.73835857,58.56403513,45.32973276
226,61.53193234,61.58616624,98.20678837
227,66.94088246,62.83965704,26.31326772
228,68.97047698,63.47305925,89.17264919
229,64.35648753,66.71427547,30.45699501
230,74.21228635,68.76294369,77.08005475
231,72.44246353,72.77503193,77.46103308
232,76.83707979,77.80394159,58.10430279
233,75.07288883,75.10723207,16.48928722
234,81.08070312,81.03965132,90.45234138
235,81.45012031,88.90731526,74.5162501
236,93.04574412,88.22176897,40.16372672
237,92.89182064,94.28181661,29.69717962
238,92.11685725,94.39942661,63.21859176
239,96.97438011,99.40540902,86.74299659
240,98.73538369,96.46097456,87.26779793
241,99.33150494,99.4740617,50.18914985
242,108.8148232,110.2896125,57.6620479
243,111.4643402,112.8703116,29.4740736
244,110.7945834,115.0883945,48.11323961
245,115.2483041,119.7791706,76.29254951
246,117.6768459,114.6710261,71.38314511
247,121.6343038,121.2918539,38.88791886
248,123.933672,124.8496719,14.25214558
249,130.4335872,132.7697646,69.12661103
250,135.1413101,133.7674483,10.73571478
251,136.9763127,131.112225,68.79125364
252,137.5842933,135.5576871,27.66013058
253,139.4180407,138.2905886,0.472559376
254,138.0098837,142.0379471,98.80702061
255,146.9157726,142.028209,57.7169082
256,146.0650173,151.9230786,38.03469227
257,153.848289,147.2238691,29.19093672
258,157.4276512,157.9358785,64.10614402
259,156.5054342,153.7196082,83.15868466
260,165.9951982,164.4909115,65.23465021
261,161.8036942,160.819154,43.82752885
262,167.5855738,168.9644907,88.39651947
263,173.7306184,170.3023844,94.91553223
264,176.9444501,173.8111488,33.35090051
265,172.0477229,180.3965325,77.12269334
266,178.3134799,183.173054,6.268938317
267,178.7655841,181.242258,34.85380321
268,188.2254989,187.6167473,59.36580464
269,188.787872,184.0492749,13.18853948
270,194.0397583,186.7155446,53.72451174
271,198.2840917,194.5872725,61.25943747
272,198.2255021,199.193523,20.88945531
273,202.1558298,197.4327365,54.15980024
274,204.4640735,205.6073685,4.110559271
275,205.4412084,204.8900326,65.9964452
276,211.3596306,212.3768746,35.68740087
277,213.1995974,208.596643,4.527154419
278,216.0674453,215.5625805,89.55465461
279,222.9990574,219.9282327,18.44790723
280,222.4308339,222.0962561,23.57061543
281,227.2033868,223.5866665,58.3906643
282,224.5497044,223.8742103,99.34584018
283,233.5164255,229.182331,39.07774809
284,237.8706913,235.5056698,31.88210302
285,236.5664057,234.2834287,88.35305566
286,243.3519958,235.9874112,84.35467644
287,240.3764576,242.4120388,33.41213833
288,245.0455388,244.8198172,80.62905497
289,245.6575488,250.999598,17.12550918
290,255.9019952,251.4289841,21.58231367
291,254.0324037,258.7390186,71.6493424
292,253.5576637,259.0044054,83.40985835
293,263.5368385,260.2986875,7.822164116
294,263.1077472,266.3316948,84.62438113
295,264.6156762,269.0747618,39.4499214
296,268.9403838,268.5958368,78.55959178
297,272.062411,269.3092664,34.17850064
298,275.0276485,270.2648181,41.01066601
299,280.9045758,273.1363868,9.873913512
300,284.559096,282.3423491,12.91037943
301,284.2302541,285.3871469,18.15234419
302,283.7026729,284.2440558,47.33380206
303,288.9653301,289.0922904,59.73177394
304,291.9580501,293.03708,42.41487833
305,300.4366675,298.5691496,88.73083536
306,297.6634617,294.4030466,64.39514736
307,300.0909706,304.7149991,91.05311903
308,308.5853514,304.2751879,74.08542947
309,309.6391762,311.9287302,40.11073135
310,308.4351195,313.9089113,98.38751094
311,316.3508239,317.1621591,90.49847499
312,320.2489437,318.1321542,95.78801579
313,321.2504883,319.4482815,43.28646423
314,327.3961032,326.1406005,35.55701908
315,326.1767392,329.8005223,3.65715528
316,330.8399771,331.671452,62.01032051
317,331.0281074,328.4720291,72.22932375
318,339.9658555,335.7845724,72.6549942
319,336.2160672,334.45432,57.10381775
320,341.9435074,340.0774047,61.3150541
321,345.0545038,348.0182377,70.68327633
322,347.607735,345.5670247,27.17238568
323,352.9892071,347.4303516,6.930284263
324,353.5126616,348.5812707,91.9493834
325,353.8630083,359.435914,72.66366611
326,356.0172086,358.5847032,51.9439859
327,360.8624282,364.4911365,58.81743856
328,360.7789621,366.146392,64.41587669
329,369.015318,364.6959038,18.9188953
330,375.022767,369.4003679,89.00267781
331,370.8663006,377.5396848,19.82815408
332,377.0178496,381.5643799,49.03941014
333,383.722065,377.0726343,51.04448233
334,379.4614106,386.9321219,70.78610622
335,383.5960534,383.2148911,67.1594739
336,386.3926715,387.0955828,78.65450337
337,396.163407,393.1669252,22.44970584
338,390.9672205,393.3779793,2.218638333
339,400.3740024,399.9419797,74.62085241
340,396.3440682,404.8205116,63.28754501
341,404.9411908,399.2672871,31.18360099
342,404.3881134,404.071631,74.30706727
343,409.6194425,406.1135224,98.29947208
344,411.2684482,416.2586827,67.43120288
345,414.3936092,412.2804766,3.115361312
346,419.5228983,422.5592953,71.14050287
347,417.4594424,421.376352,6.404757275
348,420.8076349,429.2919866,75.98239264
349,425.3354353,427.6689235,32.70544254
350,433.7471608,430.5068055,88.64563993
351,433.9090929,431.2232818,54.71425623
352,441.7045781,433.5334838,59.26935332
353,438.9291349,437.5837005,25.78581906
354,441.0678971,441.8659979,4.955122676
355,448.139541,444.6200356,86.66904819
356,449.6942045,448.2572185,33.12828461
357,450.3742283,451.3987267,41.41886998
358,456.4985571,456.517863,43.79167309
359,458.6611968,459.8565515,51.40959177
360,462.6592323,464.1998923,85.02120473
361,460.0114091,465.1910685,65.5871614
362,463.8428556,462.6984881,32.31322276
363,467.3522402,474.4209776,73.02027356
364,477.8560061,472.6268553,90.83605564
365,472.857274,476.4144771,27.88546905
366,482.1286976,479.9264235,14.51892611
367,486.8097534,479.8405801,21.18568954
368,487.0715266,484.4408697,72.3070194
369,483.7596177,483.1287254,1.551083163
370,495.227331,491.4834564,70.15681192
371,496.9916647,493.6969159,79.37189492
372,493.4214295,492.6428364,59.11879235
373,500.8043526,498.113355,29.43649325
374,499.8645219,502.9103819,20.84861533
375,503.7284278,510.1496902,33.94053642
376,509.9220602,507.4406189,52.29130981
377,514.7545933,515.8286004,18.11218555
378,513.6144484,512.4709208,3.014416719
379,519.2406808,513.2948911,99.74825502
380,523.7947874,519.9567966,62.35972783
381,526.7085504,525.9299378,14.66428377
382,529.113457,523.9089173,23.33104501
383,525.4165366,534.2020653,39.68586065
384,533.5360281,531.1651276,44.48676659
385,536.8196455,536.9205146,94.07936757
386,538.7580701,540.9789312,66.08820381
387,537.8510971,539.2336387,64.7743676
388,547.2752657,547.4271973,56.15402777
389,552.8169981,547.3461703,17.14878524
390,555.9525536,554.0797852,65.47226283
391,556.9182316,555.3423072,44.85622676
392,559.816955,553.1184714,92.50528158
393,560.8966857,558.561976,43.44575953
394,559.9592156,567.1413996,1.884264238
395,561.9819908,566.0413126,8.926225777
396,570.0537115,567.6411334,76.22584893
397,576.4462567,572.631286,33.20274931
398,578.6630214,579.5483104,72.02283783
399,576.7654361,577.8882561,38.63941623
400,583.0749712,577.005518,85.31487084
401,579.98154,583.8212468,16.73180454
402,590.366438,591.3510027,76.03673557
403,591.7802262,594.9767239,95.69592311
404,591.0040014,593.0078235,37.29293794
405,599.0328867,599.0102957,6.073776548
406,600.908576,594.2675719,12.82671173
407,599.8721505,605.0068219,24.58950413
408,608.2479347,601.3578625,41.94910415
409,604.1622684,609.5008646,7.827994473
410,614.3514618,612.2540627,83.91385785
411,617.391443,615.1465279,16.76393117
412,619.9912988,615.5931113,73.74325241
413,616.2609149,619.8600715,68.12807408
414,619.9310816,621.8604546,36.09447486
415,628.4321393,622.2328182,32.27016844
416,633.4025953,625.8965693,65.80341336
417,630.6942096,629.4953951,37.234467
418,637.8614056,639.6098236,39.9553296
419,636.880968,639.099473,55.72784185
420,640.0158681,641.3515056,17.16727639
421,641.1807425,646.9328274,68.66893136
422,647.967532,645.2229158,45.4228597
423,647.0313797,645.1261247,27.92785336
424,655.0153348,657.2001972,3.164509045
425,659.1787316,652.1447284,25.82219401
426,662.3958194,657.1268403,44.2269969
427,663.670322,663.9058656,52.66332087
428,660.0006763,664.4232419,53.93058778
429,665.3328546,668.9363234,57.63069492
430,666.3459297,674.637811,21.47820709
431,674.6839499,676.6756313,1.696100421
432,681.5564029,680.8378762,43.84185882
433,676.8305639,676.2276638,18.75232182
434,681.4820312,683.9334763,34.59080393
435,682.8187914,684.607748,9.573413487
436,685.9949344,688.367134,87.3825761
437,696.1883096,693.6747919,7.457666758
438,696.7950273,693.262509,97.52884396
439,695.4038913,697.0553045,86.01040879
440,701.1966131,697.9882375,25.48798748
441,703.3342648,708.7071956,42.44759173
442,709.6321271,708.466354,28.16171877
443,706.514251,714.9045178,6.424299359
444,717.5838382,713.3358203,56.55258143
445,719.1595824,713.839894,48.50297691
446,715.8437828,720.9197035,29.45272633
447,725.6603831,725.5682962,14.69053756
448,720.3462631,724.0273456,26.01328792
449,725.0033715,724.2820978,99.60312268
450,733.2629528,730.4874387,52.10390099
451,730.2206945,734.557769,63.12296475
452,732.0401621,740.5809997,53.21478233
453,739.3146735,744.3142651,31.852408
454,746.9088431,745.0548543,68.79177757
455,748.7912794,748.1009241,29.58531907
456,747.2478457,745.6238268,57.33952987
457,747.7873937,750.0733166,36.49475215
458,758.6950075,750.8712086,5.417198057
459,759.3998373,755.6053757,88.03058177
460,763.3919785,764.4730542,29.94355932
461,766.8912975,762.5616436,90.94579927
462,770.2734692,762.6773891,58.97882038
463,769.488118,768.8440439,92.43704162
464,774.4995428,776.4232905,40.4180904
465,774.8577774,775.5031975,50.06049631
466,783.6428659,778.8024085,87.74324844
467,779.1819718,781.7429691,9.868130603
468,781.5628261,787.4548281,67.93768987
469,786.3653854,787.4600733,98.61322022
470,789.384694,788.4391809,98.78434145
471,789.3835476,792.3880811,5.482326639
472,797.1975034,793.033517,42.73379135
473,795.4015249,802.7244014,18.14872446
474,807.9925295,806.6767976,65.99180929
475,802.3482222,802.3348381,29.67006462
476,810.6044087,805.1660091,66.03923874
477,810.0308479,816.7237742,54.7032813
478,812.7895911,818.4940504,37.37418981
479,816.0963904,822.593797,56.05514947
480,825.9116457,818.5474032,50.48374551
481,821.7156381,822.0784872,75.39124434
482,831.9238078,823.0804816,77.27930717
483,826.8809712,834.1109264,99.11445949
484,828.3536755,834.6114921,34.14017688
485,831.6743384,836.9228246,42.23032199
486,836.0528133,842.2138613,37.48099007
487,842.5937331,838.3655268,39.16842026
488,843.2405664,848.2015008,70.77804815
489,851.7981019,849.0704747,45.24479376
490,853.4290356,848.0823861,7.344955506
491,851.6589774,855.8673886,97.4347335
492,857.8825121,861.6052995,48.58419722
493,860.4351938,860.497464,99.06414979
494,867.9257064,859.2165623,60.8839365
495,870.630111,867.3705471,15.05011586
496,872.7080421,873.2708646,60.3098937
497,872.141687,872.550978,71.28773859
498,877.4944441,875.4342834,99.4554373
499,875.7702727,880.761412,76.82677422
500,877.3370411,882.2177478,89.94371711
501,885.9633758,882.6941817,53.65496936
502,882.0413791,885.301206,37.23542487
503,894.3678621,886.6029053,78.57098821
504,893.5654827,888.8180325,43.59607145
505,894.711579,897.6917734,92.2266278
506,896.3790877,899.4507345,92.09776836
507,904.9979663,902.0051553,69.33741126
508,904.4189538,907.6990995,18.94801621
509,912.6138446,903.3209431,43.77719577
510,907.8961158,914.7794053,47.70259788
511,912.4100378,911.2815944,8.796223353
512,918.5239625,915.0731392,26.35109133
513,915.6024342,920.5276513,89.98800822
514,922.0924577,921.5738962,93.09910389
515,921.9637527,928.7022763,6.981393672
516,924.7879862,929.5293843,44.73541535
517,929.0983481,931.4845708,25.24845922
518,938.8370783,931.0072496,92.59058443
519,938.4848298,939.6612772,10.32336608
520,939.7577041,940.6435323,92.98014613
521,944.8203128,941.8716503,7.408343486
522,944.6406689,943.7015094,88.31733814
523,948.8314465,954.4779312,33.20371518
524,957.3024534,955.3142799,99.15779767
525,952.6610118,955.3653602,40.22027903
526,960.3318478,954.2005414,57.47676804
527,957.4283605,959.1279918,59.08856857
528,966.8439275,961.3878201,51.97786195
529,969.9504651,964.8743601,35.81144114
530,972.345175,968.919449,27.50416833
531,970.8172671,974.6482119,64.13857664
532,978.5588581,972.8871515,69.27670814
533,983.8212961,984.3102403,85.28229248
534,987.7245093,986.1927118,1.147193904
535,989.1429169,985.006049,6.263684616
536,993.3499881,985.8982699,77.39810061
537,988.9851248,987.3760221,63.66325408
538,995.0716489,990.7877169,4.163641649
539,993.2814859,993.1101388,73.08246935
540,1001.762304,1001.569928,22.37017805
541,1005.806513,1004.75008,26.44528351
542,1007.092964,1002.014835,96.26710485
543,1014.002953,1013.352182,18.68269896
544,1011.393959,1016.447852,97.61081056
545,1014.274002,1019.961948,37.82523786
546,1018.414775,1021.076401,17.74997856
547,1017.235125,1026.773847,96.65084403
548,1027.79718,1026.375555,71.22869458
549,1030.737327,1030.963958,42.27454851
550,1034.425985,1029.777818,8.278072287
551,1032.393944,1033.192387,25.4308253
552,1036.16578,1033.125685,27.90065533
553,1035.546732,1042.928222,86.05217236
554,1039.781089,1038.222447,67.98961071
555,1042.223607,1050.523899,82.96669487
556,1048.637868,1052.158137,36.82122188
557,1047.747527,1047.559822,99.86090926
558,1057.40422,1057.851259,19.0715502
559,1060.931554,1056.197033,44.9500811
560,1064.764359,1064.160568,34.24299018
561,1065.201753,1064.324733,94.80257942
562,1065.11113,1064.315394,61.60419898
563,1074.178535,1067.304347,89.99152262
564,1069.378631,1072.806662,11.44810342
565,1075.442261,1079.289944,20.24825206
566,1081.393167,1080.182609,92.31629827
567,1077.28124,1077.794116,86.36168196
568,1080.906496,1081.900544,70.6878031
569,1090.715933,1083.158473,20.63625785
570,1087.100996,1087.230164,13.9968231
571,1091.909509,1095.603025,13.82380187
572,1101.376377,1098.44885,80.96028499
573,1100.958805,1095.607478,28.87436411
574,1099.487419,1102.211518,46.47308515
575,1108.535007,1103.317124,54.33550021
576,1107.66924,1110.077298,5.419904682
577,1111.425755,1109.001088,80.38093542
578,1110.301484,1110.665878,62.96547958
579,1117.450756,1120.269346,91.86402682
580,1123.013169,1122.251868,76.97830418
581,1127.349272,1125.819664,55.95213451
582,1129.367463,1127.340846,20.38538439
583,1131.647749,1129.811251,51.24206818
584,1137.941729,1136.456907,94.05174852
585,1138.938921,1134.339257,32.04535202
586,1142.621929,1139.249991,38.30747538
587,1137.441403,1141.909309,51.74318628
588,1140.675363,1145.996967,15.12276566
589,1148.284005,1149.735704,31.47596377
590,1146.273708,1151.14825,46.05768893
591,1149.987837,1157.285947,19.93127465
592,1157.942866,1155.360929,7.893111517
593,1162.553529,1161.98676,56.19104358
594,1165.730542,1161.121204,89.04708379
595,1169.027972,1164.993913,46.1338283
596,1173.390229,1171.33323,58.30212696
597,1167.982269,1171.531104,42.01605079
598,1178.304361,1171.74599,57.293594
599,1173.274222,1174.047969,55.56402283
600,1178.959577,1178.270894,92.66589051
601,1186.862145,1180.249808,74.64956738
602,1184.384444,1185.929684,22.63647368
603,1194.597084,1192.256672,67.58697133
604,1193.672565,1192.366105,35.15021147
605,1197.947767,1198.860829,18.31419785
606,1197.214853,1203.815614,10.50512634
607,1206.42796,1204.844538,88.79542829
608,1208.134234,1209.183135,45.31555026
609,1204.002407,1210.775647,40.9093799
610,1206.072574,1211.940255,76.18730023
611,1215.960052,1218.281401,2.980348129
612,1221.813643,1216.084371,1.50545178
613,1222.986782,1219.303405,46.83408464
614,1222.504362,1225.118002,53.40971711
615,1225.723007,1222.289543,52.65278204
616,1231.211536,1229.101463,2.031155419
617,0,0,96.01690138
618,1238.268862,1239.220054,27.17571692
619,1240.054518,1240.659293,93.61289331
620,1241.513093,1236.509557,51.13167011
621,1243.342784,1241.84031,11.70661206
622,1249.083942,1251.748769,12.75849191
623,1254.948411,1251.315071,74.37007923
624,1251.882122,1256.732606,82.04999611
625,1252.298609,1253.967965,54.70894001
626,1259.992413,1259.688397,48.98148707
627,1261.581757,1258.65876,88.29272281
628,1268.718543,1268.211281,12.28561822
629,1265.052167,1266.865836,16.4117327
630,1269.696701,1271.061045,24.88201303
631,1274.061775,1269.170846,80.92264426
632,1279.227832,1276.370625,1.750014779
633,1280.957025,1282.572709,27.42022647
634,1285.119868,1278.828198,80.87696289
635,1282.043632,1285.386652,70.86019196
636,1292.494334,1288.566128,67.00426492
637,1294.768206,1294.508205,68.92949579
638,1294.039593,1290.648702,95.05000503
639,1297.161011,1295.48298,89.49334116
640,1298.167901,1303.352697,9.077711474
641,1300.517961,1299.618679,51.53941716
642,1309.520944,1302.490806,46.70303745
643,1307.009118,1310.309289,50.62332921
644,1315.50916,1313.874866,21.17492737
645,1320.656446,1317.233195,7.482638143
646,1322.026106,1318.965234,82.38359221
647,1317.714968,1317.238686,41.34358801
648,1329.136863,1322.859323,26.81202335
649,1330.63512,1328.893813,54.12485899
650,1327.673711,1333.371571,18.4170548
651,1333.751923,1336.869335,33.73048618
652,1337.961047,1336.871562,45.54551326
653,1344.773004,1341.58335,20.58354673
654,1340.361736,1345.512215,95.29614805
655,1350.7291,1347.731335,88.99464228
656,1351.246715,1353.394051,86.45777576
657,4.002181131,0,77.46404777
658,9.448081299,6.380627559,9.032806256
659,9.703632021,3.048879945,97.63587569
660,20.19835665,0.104250964,35.99060411
661,19.42520089,5.955999113,94.62296426
662,26.28138852,6.80763397,97.57854484
663,30.36625141,5.027802462,43.59592994
664,32.52434119,6.450849,8.407973859
665,27.3760226,5.76187563,69.80383047
666,39.84779755,10.09535393,64.57967349
667,40.38320836,7.684850397,52.08206261
668,44.47283639,5.449548317,41.95347234
669,46.69180791,12.34282668,98.54673929
670,49.58384591,17.37136611,2.678117441
671,52.04528774,47.24738234,37.31173469
672,56.99421795,127.1269716,6.200328098
673,54.33680356,327.7880731,73.9163898
674,56.31789182,897.7845162,57.48936904
675,65.85372503,2417.218336,16.70533306
676,60.47444645,6571.323767,72.6424696
677,63.75347636,17852.32066,56.135307
678,75.58227897,48524.58437,57.40970244
679,77.34736231,131886.4884,40.53035079
680,74.97907663,358494.8966,16.17899205
681,79.65120392,0,88.23586035
682,81.11969161,1.00534,88.11170967
683,87.71690928,9.27876728,53.12959986
684,88.41995249,6.2359508,24.81274857
685,96.64166915,1.84286427,46.65242926
686,93.78795167,1.10655556,89.1657966
687,99.6000327,6.55511583,23.69228952
688,97.12944234,7.51372349,56.22066677
689,102.2548855,4.46802418,2.07797846
690,103.4239805,8.92842683,18.11818668
691,112.4389926,6.94249913,16.61463218
692,109.547447,5.9289697,23.88711769
693,115.5932838,11.7192069,10.3715502
694,119.8179609,20.4823886,99.57404691
695,121.5346145,49.5136752,0.450838349
696,125.0411717,126.116225,19.33302925
697,125.051678,335.257443,42.95019186
698,129.3706148,897.612428,17.08517953
699,130.7675673,2420.36684,80.82919549
700,132.5198114,6569.21246,44.76896352
701,142.4924243,17848.3629,75.12253492
702,139.8678311,48522.3339,61.75061477
703,141.2597883,131889.956,20.95954574
704,153.8283967,358500.108,31.75448195
705,153.6433123,0,51.75000313
706,158.5325137,1.00534,64.68716281
707,159.3382574,9.27876728,60.27249011
708,163.1658804,6.2359508,31.90030602
709,161.4250991,1.84286427,21.51386242
710,169.4565616,1.10655556,20.45484717
711,167.3199246,6.55511583,80.95412682
712,169.1405641,7.51372349,91.24858063
713,177.7546189,4.46802418,62.88847963
714,182.8730547,8.92842683,33.20807495
715,183.3365964,6.94249913,79.98755414
716,186.6072872,5.9289697,61.98557047
717,189.3851769,11.7192069,15.4688359
718,192.1564306,20.4823886,51.79440681
719,190.0830455,49.5136752,7.625084276
720,195.2714089,126.116225,35.23359316
721,202.6804133,335.257443,62.74455486
722,206.834919,897.612428,82.72913394
723,207.4980925,2420.36684,87.91018581
724,204.93073,6569.21246,40.61428457
725,212.3081622,17848.3629,5.199530315
726,213.386035,48522.3339,65.29906425
727,222.8287275,131889.956,7.50120179
728,221.301285,358500.108,98.30304655
729,227.8057979,0,97.32043751
730,223.7133139,0,10.33664448
731,226.138018,0,20.65286613
732,236.4454184,NaN,0.686477005
733,240.0161017,NaN,27.48306652
734,241.4002328,1.00534,39.00586897
735,240.6522727,9.27876728,3.146960156
736,242.128138,6.2359508,72.08816394
737,252.7175539,1.84286427,29.01005794
738,254.9074638,1.10655556,45.70183966
739,250.5221808,6.55511583,55.85934387
740,259.3463697,7.51372349,88.70622576
741,261.4344152,4.46802418,53.50737092
742,259.391089,8.92842683,25.62646751
743,270.568212,6.94249913,74.91384463
744,273.8743686,5.9289697,28.25982812
745,274.5414086,11.7192069,46.7747361
746,271.0231165,20.4823886,14.90288803
747,276.6427779,49.5136752,71.40968206
748,284.4445478,126.116225,97.6149495
749,286.6261403,335.257443,8.927195577
750,289.7334741,897.612428,0.923523056
751,294.2321182,2420.36684,99.92783565
752,293.4736775,6569.21246,49.16154493
753,296.5916521,17848.3629,47.66662097
754,296.830642,48522.3339,45.92596505
755,304.5121032,131889.956,60.85573716
756,0,358500.108,25.20971052
757,0,0,35.09040136
758,0,0,10.19205751
759,0,0,44.3489741
760,0,0,77.97475954
761,0,0,55.62306254
762,0,0,16.97499982
763,0,0,57.82893517
764,0,1.00534,19.31931223
765,0,9.27876728,14.06303211
766,0,6.2359508,35.57929903
767,0,1.84286427,93.78121192
768,0,1.10655556,92.81018294
769,0,6.55511583,92.31937156
770,0,7.51372349,23.84528277
771,352.1038729,4.46802418,17.32866884
772,349.2301119,8.92842683,68.55068887
773,356.4909112,6.94249913,0.516216823
774,357.4132308,5.9289697,92.06484317
775,360.6308899,11.7192069,97.9868804
776,365.4405657,20.4823886,16.58609773
777,371.1738768,49.5136752,74.93957481
778,372.4415151,126.116225,29.17141625
779,369.8003432,335.257443,29.91504288
780,373.9703855,897.612428,81.45408569
781,381.7090494,2420.36684,97.96531184
782,383.821741,6569.21246,18.71854499
783,381.8476043,17848.3629,9.406564567
784,389.5831056,48522.3339,31.59006728
785,389.5352891,131889.956,27.83581427
786,399.5118001,358500.108,91.2617565
787,399.4495253,0,53.19779576
788,400.4065539,0,84.22009447
789,407.5529954,0,58.10878425
790,405.8027348,0,18.41515491
791,406.7258783,0,82.23913157
792,412.0640876,0,50.87332969
793,412.66491,1.00534,24.64456791
794,414.9417408,9.27876728,4.72541104
795,421.3463277,6.2359508,67.41315581
796,420.3205437,1.84286427,44.77160674
797,431.7699374,1.10655556,76.67580758
798,429.1436721,6.55511583,16.14777176
799,438.362356,7.51372349,67.70321938
800,436.4100126,4.46802418,81.23435093
801,442.4744594,8.92842683,38.79457545
802,446.9090838,6.94249913,80.7824166
803,442.0374346,5.9289697,16.44908271
804,1.00E-03,11.7192069,97.07966998
805,453.2215357,20.4823886,16.01654409
806,454.3936734,49.5136752,11.21513905
807,457.8968779,126.116225,36.98759493
808,463.2042144,335.257443,56.25820345
809,462.0315205,897.612428,30.04447326
810,462.139552,2420.36684,20.7902048
811,469.6205454,6569.21246,25.50671631
812,475.4922721,17848.3629,30.38712128
813,480.8213334,48522.3339,65.86817078
814,475.5345051,131889.956,90.14459792
815,482.4201523,358500.108,33.4245123
816,483.338334,1.00534,40.08197008
817,488.7014302,9.27876728,53.56036152
818,491.4862553,6.2359508,51.55120067
819,494.954296,1.84286427,9.094985713
820,498.8337474,1.10655556,32.8525592
821,500.4719761,6.55511583,5.014083596
822,506.3066479,7.51372349,89.09960569
823,501.7575735,4.46802418,54.11210602
824,505.0613267,8.92842683,23.81516353
825,508.9847737,6.94249913,73.01011308
826,519.0490931,5.9289697,6.069546798
827,515.1901098,11.7192069,1.696646151
828,518.7135419,20.4823886,12.25995285
829,520.493824,49.5136752,9.672902966
830,528.5897624,126.116225,12.62628427
831,525.0299641,335.257443,57.55536111
832,531.6507927,897.612428,71.28281352
833,540.8190625,2420.36684,45.86850155
834,541.9891556,6569.21246,10.80906859
835,543.752295,17848.3629,23.13551907
836,549.4597994,48522.3339,73.99002374
837,552.2855629,131889.956,51.19314277
838,554.0832079,358500.108,69.20269415
839,552.5163965,0,3.692009051
840,557.4172325,0,51.40909039
841,562.3357816,0,19.18781849
842,561.2244657,0,81.47118236
843,566.2842276,0,66.76851953
844,573.8618054,1.00534,28.66810505
845,576.4421002,9.27876728,13.78033128
846,572.2828401,6.2359508,69.14823853
847,574.7639101,1.84286427,83.91457058
848,577.5804039,1.10655556,5.349024568
849,579.1467222,6.55511583,96.75863235
850,588.5148625,7.51372349,77.28772239
851,586.8493273,4.46802418,82.52958663
852,590.2199665,8.92842683,7.972802679
853,593.2267073,6.94249913,79.92942639
854,598.3745472,5.9289697,60.36359274
855,602.1928192,1.00534,83.52812736
856,604.7975281,9.27876728,93.4628822
857,611.7610265,6.2359508,64.09996682
858,615.598777,1.84286427,8.399782235
859,611.4665994,1.10655556,25.80040276
860,620.8259916,6.55511583,26.99677042
861,623.0586349,7.51372349,89.30157142
862,623.3848378,4.46802418,90.90068773
863,0,8.92842683,8.59717225
864,6.590507627,6.94249913,99.14065986
865,8.453932256,5.9289697,18.28640003
866,6.588205721,11.7192069,75.05337046
867,13.13368307,20.4823886,98.60646723
868,17.04462609,49.5136752,84.80734241
869,21.03416014,126.116225,93.245848
870,27.74634698,335.257443,21.94760799
871,29.89370769,897.612428,59.64501752
872,32.71525157,2420.36684,73.28756409
873,33.34566649,6569.21246,96.14561504
874,31.45545859,17848.3629,40.3425434
875,39.93825072,48522.3339,98.65949355
876,41.0727442,131889.956,10.73954963
877,39.90593793,358500.108,17.57174758
878,43.93001142,1.00534,38.28683188
879,45.63877204,9.27876728,68.12059383
880,0,6.2359508,95.40473525
881,0,1.84286427,22.13279291
882,0,1.10655556,92.6257245
883,0,6.55511583,60.63676
884,63.16768526,7.51372349,90.4675213
885,65.13378497,4.46802418,26.23909437
886,73.75926976,8.92842683,12.63261944
887,71.47160004,6.94249913,88.57589742
888,73.92733617,5.9289697,97.53818542
889,83.82831131,11.7192069,28.88629229
890,80.93078078,20.4823886,73.42659417
891,84.05412066,49.5136752,83.58262083
892,90.35746346,126.116225,66.86305275
893,96.85260572,335.257443,32.97530295
894,96.68371479,897.612428,23.13380669
895,99.70250985,2420.36684,79.7141654
896,98.43317271,6569.21246,15.3718023
897,105.4808536,17848.3629,26.98468142
898,103.5079277,48522.3339,1.14866717
899,113.1452914,131889.956,44.25637375
900,108.5341709,358500.108,26.90808908
901,116.2899967,1.00534,55.49006816
902,116.5605083,9.27876728,20.10486962
903,119.5614866,6.2359508,46.97969738
904,122.8399808,1.84286427,38.94429665
905,126.9707756,1.10655556,29.4238807
906,132.3908656,6.55511583,39.85198326
907,137.8476211,7.51372349,6.391860016
908,132.9825731,4.46802418,26.85269193
909,137.635705,8.92842683,99.39856984
910,139.5614599,6.94249913,87.51205255
911,142.1949064,5.9289697,81.60642241
912,152.1742231,11.7192069,61.00453612
913,.,20.4823886,2.276720432
914,159.3151311,49.5136752,60.58429928
915,155.558191,126.116225,31.94887171
916,160.393042,335.257443,18.95852376
917,160.896444,897.612428,74.65009426
918,162.3501533,2420.36684,28.1643423
919,174.8744654,6569.21246,9.841918399
920,177.5860069,17848.3629,1.785024347
921,177.0789905,48522.3339,9.052900398
922,174.664148,131889.956,19.39872561
923,178.7002154,358500.108,87.55901817
924,184.2328902,1.00534,13.83752211
925,191.2262416,9.27876728,2.203809247
926,187.0107755,6.2359508,45.27865891
927,198.843971,1.84286427,7.978239414
928,201.9647626,1.10655556,9.89740377
929,203.0697037,6.55511583,6.13234217
930,202.2186706,7.51372349,14.56200511
931,206.826814,4.46802418,13.12930404
932,212.0853146,8.92842683,17.70881547
933,207.8479612,6.94249913,25.87077952
934,215.2352256,5.9289697,29.84682116
935,217.5670861,11.7192069,27.49408493
936,222.8089831,20.4823886,32.36328742
937,221.1891881,49.5136752,30.33556127
938,230.4369423,126.116225,35.33229097
939,230.2051385,335.257443,40.4232205
940,234.271531,897.612428,41.89847789
941,234.7540458,2420.36684,45.41744074
942,243.480469,6569.21246,45.8091434
943,239.9194523,17848.3629,50.79687051
944,245.2586204,48522.3339,56.50855732
945,246.8317231,131889.956,55.37407948
946,250.9084052,358500.108,64.03374976
947,252.2814458,1.00534,66.7321981
948,254.7983014,9.27876728,65.67340911
949,258.4413202,6.2359508,71.74374292
950,262.1510761,/,78.95303536
951,268.7680763,1.10655556,78.47792001
952,273.5989073,6.55511583,82.59976652
953,-1000,7.51372349,81.10205498
954,278.5208921,4.46802418,89.12523396
955,277.8754875,8.92842683,89.58468207
956,282.8479062,6.94249913,87.57104899
957,287.3014916,5.9289697,92.77502854
958,289.8513793,11.7192069,93.00683006
959,285.5665619,20.4823886,96.97678148
960,293.219284,49.5136752,102.5235141
961,299.9503387,126.116225,110.7639315
962,302.1915479,335.257443,110.5919525
963,304.9641007,897.612428,114.8969244
964,304.9941093,.,115.9049505
965,305.6743737,6569.21246,123.5441051
966,314.8885805,17848.3629,124.9345021
967,317.9616633,48522.3339,125.4201916
968,Nihao,131889.956,0
969,316.0008774,358500.108,0
970,327.4267029,1.00534,0
971,325.5832979,9.27876728,NA
972,327.3591299,6.2359508,nan
973,335.1946107,1.84286427,nan
974,nihao,1.10655556,nan
975,340.087065,6.55511583,151.2584984
976,339.974856,7.51372349,149.8952572
977,NaN,你好,156.536091
978,NaN,8.92842683,157.3938964
979,NaN,6.94249913,160.9361109
980,NaN,5.9289697,159.8977961
981,NaN,11.7192069,163.3487042
982,354.6177475,20.4823886,171.6370333
983,364.7534534,49.5136752,172.5177958
984,364.7901209,126.116225,173.584294
985,NaN,335.257443,177.4219475
986,367.4188347,897.612428,179.4353322
987,376.1043536,2420.36684,187.8863963
988,379.6844422,6569.21246,185.5422959
989,383.4447827,17848.3629,189.7949478
990,378.1105725,48522.3339,196.1237021
991,381.0745553,131889.956,193.7484398
992,388.8918482,358500.108,203.7356186
993,396.3137173,nihao,207.5089839
994,390.7212058,9.27876728,209.7495583
995,398.0221344,6.2359508,205.4283082
996,396.8208501,1.84286427,208.8093993
997,402.7065643,1.10655556,212.9258456
998,403.0410466,6.55511583,219.2132343
999,408.778492,7.51372349,216.3569269
1000,415.6789832,4.46802418,228.4501282